ITEM NAME,CATEGORY
 KR101 Small,ACCESS
Bolt electric lock  GAL-607A  ,ACCESS
Bolt Electronic lock  ,ACCESS
Bolt lock big,ACCESS
Break Glass BLUE,ACCESS
Break Glass Green Elock,ACCESS
C3-300 with psu  ,ACCESS
Digital access keypad BLACK,ACCESS
Door closer 60kg  small  ,ACCESS
Door closer 80kg big  ,ACCESS
DOOR CLOSURE ASSA ABLOY,ACCESS
Door Closure Operating System,Access
EFACE 10,ACCESS
Electric lock,ACCESS
Electric lock  GAL-607A  ,ACCESS
F18 finger print reader,ACCESS
F19 finger print reader,ACCESS
FR1200  ZK-techo,ACCESS
Guard Tour Point White,ACCESS
Iclock 360  ,ACCESS
Iclock 660  ,ACCESS
Iclock 680,ACCESS
I-CLOCK 680 reader,ACCESS
INBIO 460 control,ACCESS
INTER LOCKING  MODULE,ACCESS
Korta  access KEYPAD,ACCESS
KR100  big  ,ACCESS
KR102  ,ACCESS
KR200  big curve  ,ACCESS
KR201 small curve  ,ACCESS
MA300 + ID  ,ACCESS
Maglock  560kg double with relay & LED,ACCESS
Maglock 180kgs  ,ACCESS
Maglock 280kgs NO relay  ,ACCESS
maglock 280kgs No Relay/LED,ACCESS
Maglock 280kgs with relay & LED  ,ACCESS
Maglock 280kgs with relay & LED-No2,ACCESS
Maglock 350kgs NO relay  ,ACCESS
Maglock 350kgs with relay &LED   ,ACCESS
Maglock 500kg with relay &LED  ,ACCESS
Maglock 500kgs  ,ACCESS
Maglock 560kgs double maglock  ,ACCESS
Metallic Access keypad SLIM,ACCESS
Metallic Access Reader,ACCESS
metallic access Reader WATERPROOF ,ACCESS
MULTI BIO 700  ,ACCESS
NO TOUCH button Big  ,ACCESS
Override keyswitch LED Unique key,ACCESS
PSU Access 3amps -No2,ACCESS
Reader  hikvision Biometric ,ACCESS
Reader  IFACE 702  ,ACCESS
Reader  Speedface V4L ,ACCESS
Reader  Speedface V5L ,ACCESS
Reader F131,ACCESS
Reader F18 Reader MIFI,ACCESS
Reader F18 ZK -Techo ADMS,ACCESS
Reader F18 ZK-techo No-2,ACCESS
Reader F20  ,ACCESS
Reader F21 ,ACCESS
Reader F211 time attendance & access reader   ,ACCESS
Reader F22 ZK-techo,ACCESS
Reader F8,ACCESS
Reader FR1200 slave,ACCESS
Reader INBIO 460 with psu  ,ACCESS
Reader INBIO 460 ZK-techo,ACCESS
Reader K40 ZK-techo,ACCESS
Reader TF1700 finger print reader,ACCESS
Reader TF1700 ZK-techo,ACCESS
Reader TX 628   ,ACCESS
Reader X7 / X6 ,ACCESS
Reader ZK9500 USB,ACCESS
RFID access Reader,ACCESS
S922 PORTABLE,ACCESS
Shallow Patrice Plastic,ACCESS
strike lock  GAL-603D  NC  ,ACCESS
Strike lock big NC,ACCESS
Strike lock big NO,ACCESS
strike lock GAL603F + feedback NC  ,ACCESS
Strike lock small NC,ACCESS
Strike lock small NO,ACCESS
TCP/IP4 door controller with psu  ,ACCESS
U bracket,ACCESS
VIDEO DOORPHONE,ACCESS
ZK READER ADAPTOR,ACCESS
ZL bracket- 180kgs  ,ACCESS
ZL bracket- 280kgs  ,ACCESS
zl bracket 560 double ,ACCESS
ZL bracket-350kgs,ACCESS
ZL bracket-500kgs  ,ACCESS
Adaptor 24v,ADAPTER
Adaptor box 100*100*85,ADAPTER
Adaptor box small  85*85*50,ADAPTER
Adaptors 12v 1A,ADAPTER
Adaptors 12v 2A,ADAPTER
VERITORS EXCEL,alarm
Balance b/f,BALANCES
bbbw,BALANCES
Batterry 12v7ah solarmax,BATTERY
Battery 12V 2.3ah YUASA,BATTERY
Battery 12V 7Ah  CSB,BATTERY
Battery 12V 7Ah  YUASA,BATTERY
Battery 12v- 7ah Yuasa,BATTERY
Battery 12v-17ah  ,BATTERY
Battery 12v-17ah  Ritah,BATTERY
Battery 12v-17ah  yuasa,BATTERY
Battery 12v-2ah  MATRIX,BATTERY
Battery 12v-7ah  solamax,BATTERY
Battery 12V-7ah AMARON,BATTERY
Battery 12v-7ah B.B. ,BATTERY
Battery 200ah-12v yuasa,BATTERY
Battery 23A GP battery,BATTERY
Battery12v-7ah Centurion/Matrix ,BATTERY
Guard Monitor batt,BATTERY
Radio call battery,BATTERY
Break glass covers,BREAKGLASS
Break glass glasses,BREAKGLASS
Break Glass GREEN  ,BREAKGLASS
Break Glass RED  ,BREAKGLASS
Break Glass Resettable  GREEN  ,BREAKGLASS
Break Glass Resettable  RED  ,BREAKGLASS
Breakglass glasses,BREAKGLASS
Breakglass RED Elock,BREAKGLASS
Big release Panic button with key    ,BUTTON
centre push   ,BUTTON
emergency buttons,BUTTON
Exit  plastic  NO,BUTTON
Exit button plastic  slim  ,BUTTON
Exit metallic  NO/NC - S ,BUTTON
Exit metallic NC/NO slim B,BUTTON
Exit metallic NO -S,BUTTON
"Exit metallic NO,NC/big",BUTTON
"Exit metallic with NO,COM,NC  big  ",BUTTON
Exit plastic  NO/NC,BUTTON
FOOT PEDAL switch  ,BUTTON
Mini release Panic button with key   ,BUTTON
 Alarm cable 4-core ,CABLE
 Alarm cable 4-core in Meters,CABLE
 Alarm cable12-core,CABLE
Alarm cable 6-core,CABLE
Alarm cable 8-core,CABLE
Alarm cable 8-core  shielded,CABLE
Coaxial cable  RG59 100m drum without power,CABLE
Coaxial cable RG59 200m  with power,CABLE
Coaxial cable RG59 300m with power /SHK,CABLE
Coaxial cable RG59 305m with power Drum,CABLE
Coaxial cable RG59 500m with power,CABLE
Coaxial cable RG59 with power in Meters,CABLE
Coaxial cable RG59100m  with power,CABLE
 CCTV  signs,CAMERA
 VGA cable 20M  ,CAMERA
2MP  IP camera bullet,CAMERA
2MP IP DAHUA BULLET CAMERA,CAMERA
2MP IP DAHUA DOME CAMERA,CAMERA
32 chl DVR dahua,CAMERA
4chl DVR dahua,CAMERA
8 CH DVR,CAMERA
8 chl DVR dahua,CAMERA
bulb camera,CAMERA
Bulb cameras,CAMERA
Bullet camera 20m dahua,CAMERA
CABLE MANAGER,CAMERA
Camera AHD min   ,CAMERA
Camera Audio MIC ,CAMERA
Camera brackets,CAMERA
Camera bullet 1080p 20m,CAMERA
Camera Bullet 20m,CAMERA
Camera dome 1080p 20m,CAMERA
Camera Dome 20m hd,CAMERA
Camera Hidden  with IR  ,CAMERA
Camera Hilook 1080p bullet 20m,CAMERA
Camera Hilook 1080p bullet 40m,CAMERA
Camera Hilook 1080p dome 20m,CAMERA
Camera Hilook 1080p dome 40m,CAMERA
Camera Hilook 720p bullet 20m,CAMERA
Camera Hilook 720p bullet 40m,CAMERA
Camera Hilook 720p dome 20m,CAMERA
Camera Hilook 720p dome 40m,CAMERA
Camera IP CAMERA,CAMERA
Camera IT3 BULLET,CAMERA
Camera MIC big  ,CAMERA
Camera spy pen  ,CAMERA
Camera-WI-FI camera  ,CAMERA
Camera-WI-FI camera  without mem card  ,CAMERA
CCTV  Monitor,CAMERA
Connector BNC,CAMERA
Connectors DC,CAMERA
Connectors-RCA,CAMERA
dome camera 20m dahua,CAMERA
DVR 16 CHN,CAMERA
DVR 32 CHN,CAMERA
DVR 4 CHN,CAMERA
Dvr 7108,CAMERA
Dvr 7216,CAMERA
Dvr 7324,CAMERA
DVR 8 CHN,CAMERA
DVR-Hilook  8chl,CAMERA
DVR-Hilook 16chl,CAMERA
DVR-Hilook 4chl,CAMERA
Hard disk  10TB,CAMERA
Hard disk 1TB ,CAMERA
Hard disk 2TB,CAMERA
Hard disk 3TB  HARD DISK,CAMERA
Hard disk 4TB ,CAMERA
Hard disk 500GB    ,CAMERA
Hard disk 8TB ,CAMERA
HDD 6 TB,CAMERA
HDMI cable 1.5M,CAMERA
HDMI cable 10M  ,CAMERA
HDMI cable 20M  ,CAMERA
HDMI cable 30M  ,CAMERA
HDMI cable 3M    ,CAMERA
HDMI cable 50M,CAMERA
HDMI cable 5M  ,CAMERA
HDMI socket  ,CAMERA
Hikvision 1080 P dome 40m,CAMERA
Hikvision Camera Bullet 40m,CAMERA
Memory card SD128GB,CAMERA
Mini camera analog,CAMERA
NVR -16CHL,CAMERA
NVR 32CHNL,CAMERA
NVR 7604,CAMERA
NVR 7608,CAMERA
NVR 7716,CAMERA
PSU open s/mode 30amps ,CAMERA
PSU open s/mode 5amps   BIG,CAMERA
PSU open s/mode 5amps  Small,CAMERA
RJ 45,CAMERA
RJ 45 BOOTS,CAMERA
Solar WIFI CAMERA,CAMERA
SPLITTER HDMI,CAMERA
USB cable 5M,CAMERA
USB cables  10m  ,CAMERA
USB cables  5m  ,CAMERA
VGA  cable 40M,CAMERA
VGA 40M,CAMERA
VGA cable 10M  ,CAMERA
VGA cable 30M  ,CAMERA
VGA cable 50M  ,CAMERA
Video Balun,CAMERA
wifi- camera,CAMERA
 Mifi card,CARD
ID - Mango  card,CARD
key fobs  ,CARD
MIFARE CARD,CARD
RFID card,CARD
 PIR  comet pet,DETECTOR
 PIR comet,DETECTOR
 PIR DT I WISE DT grade 2,DETECTOR
Beam sensor small,DETECTOR
Ceiling mount PIR,DETECTOR
Detector impaq glass break,DETECTOR
DUAL TECH outdoor PIR  ED692,DETECTOR
Honeywel pir,DETECTOR
INFRARED BEAM SENSOR ABE 100,DETECTOR
INFRARED BEAM SENSOR ABT 100 (two beam),DETECTOR
INFRARED BEAM SENSOR ATB 30,DETECTOR
KX 10DP,DETECTOR
LUNAR ceiling mount,DETECTOR
Lunar industrial ceiling mount,DETECTOR
Optex beam AX-330plus  (100m),DETECTOR
Optex CX -702,DETECTOR
optex cx-502,DETECTOR
Optex LX-402 outdoor,DETECTOR
Optex MX-40,DETECTOR
Optex RX-40p,DETECTOR
optex SX-360Z,DETECTOR
paradox ceiling mount,DETECTOR
PIR 102 accrin detector,DETECTOR
PIR DT  I WISE pet,DETECTOR
premier 360QD  texecom ceiling,DETECTOR
RK2000 ceiling mount,DETECTOR
roisock dual tech,DETECTOR
Roisock pir,DETECTOR
swan pir,DETECTOR
DRUID 15,ENERGIZER
DRUID LCD 28,ENERGIZER
LANSTAR,ENERGIZER
 Araldite glue,FENCE
 Ht wire 1.6mm  in kgs,FENCE
 W-insulator wooden claw-GREEN,FENCE
2nd Energizer EZ-630,FENCE
battery 5ah,FENCE
buzzer big,FENCE
Centurion photobeam wired detectors,FENCE
Corner  post Galvanised,FENCE
Corner post 1M black,FENCE
corner post 1M green,FENCE
DRUID 18,FENCE
DRUID ENERGIZER KEYPAD,FENCE
EARTH ROD BIG,FENCE
Earthrode big,FENCE
Earthrode small,FENCE
Enclosure box,FENCE
Energizer  DRUID LCD 13,FENCE
Energizer - Druid18,FENCE
Energizer - JVA Z28  2Zone ,FENCE
Energizer - Stafix X12i,FENCE
Energizer - Stafix X18i,FENCE
Energizer - Stafix X6i,FENCE
Energizer-  TONGHER ,FENCE
Energizer ACE 100,FENCE
Energizer B1600 GALLAGHER,FENCE
ENERGIZER CPS 6002 HAMMER,FENCE
Energizer CPS-6002,FENCE
Energizer DRUID13 LCD,FENCE
Energizer- EZ 630 hammer ,FENCE
Energizer -EZ 640 Hammer ,FENCE
Energizer -EZ 680 Hammer ,FENCE
Energizer- Gallagher F131,FENCE
Energizer -GALLAGHER Medal 501 ,FENCE
Energizer JVA 13,FENCE
Energizer- JVA Z14 ,FENCE
Energizer JVA Z14Kit,FENCE
Energizer- JVA Z18,FENCE
Energizer LX-POLAR 5,FENCE
Energizer- MARS 8,FENCE
Energizer- MARS 8 ,FENCE
Energizer -Merlin 4,FENCE
Energizer -Stafix  X3i,FENCE
Energizer Stafix X2,FENCE
Energizer WIZORD 2i,FENCE
energizer WIZORD 4i,FENCE
Energizer- WIZORD/MARLIN 4 ,FENCE
Energizer-LX-2008SC,FENCE
Energizer-MARS 12,FENCE
EZ 630 PCB board,FENCE
EZ 640 PCB board,FENCE
EZ code hammer keypad,FENCE
Fault fider JVA,FENCE
Fault Fider Nemtek,FENCE
Fence live light,FENCE
Free stand  w post,FENCE
Free stand corner post,FENCE
Gallagher monitor,FENCE
GALVANIZED GI WIRE 1.6mm 25kg,FENCE
Gate contact  Nemteck,FENCE
Gate contact china,FENCE
Gate contact JVA,FENCE
GI wire soft 2.5mm 25kg,FENCE
Gloves big,FENCE
Gloves Small,FENCE
Hammer 2nd hard,FENCE
Hammer ON/OFF keyswitches,FENCE
Hammer remote key switch,FENCE
Hammer second hard,FENCE
high voltage lightning diverter,FENCE
highvolts guard,FENCE
Ht 1.6mm  double galvanised  50kgs,FENCE
Ht 1.6mm GREEN steel wire 25kgs,FENCE
Ht 2.5mm  double galv 25kg,FENCE
Ht 2.5mm double galv 50kg,FENCE
Ht alluminium wire,FENCE
Ht alluminium wire 2.0,FENCE
Ht soft  G I wire 25kgs,FENCE
Ht wire 1.6mm 25kgs,FENCE
Ht wire 1.6mm 25kgs -2,FENCE
HT wire 1.6mm Galv No -2,FENCE
HT wire 1.6mm soft,FENCE
HT wire 2.5mm  50kg,FENCE
HT wire 2.5mm 25kg,FENCE
HT wire 2.5mm 25kgs -2,FENCE
HT wire 2.5mm 50kgs -2 ,FENCE
HT wire 2.5mm Double galv 25kg,FENCE
HT wire 2.5mm Galv No-2,FENCE
HT Wire 2.5mm soft 50kg ,FENCE
HV transformer,FENCE
Insulation Pipes 14MM,FENCE
Insulation pipes 15MM,FENCE
joint clamp,FENCE
JVA MONITOR BM1,FENCE
JVA/STAFIX   Adaptor,FENCE
KASUKU PLIERS,FENCE
LANSTER P500,FENCE
lightening diverter-Nemtek,FENCE
Mains transformer,FENCE
MEPS MONITOR,FENCE
pcb ez 640,FENCE
Pop gun / Riveting gun  ,FENCE
Porcelain strain insulator,FENCE
porcelaine bobbins,FENCE
Porcelaine gallagher,FENCE
Razor wire 450mm  10M,FENCE
Razor wire 450mm 10M-2,FENCE
Razor wire 450mm 9M,FENCE
Razor wire 450mm green,FENCE
Razor wire 450mm Green 10M-2,FENCE
Razor wire 730mm,FENCE
Razor wire gallagher,FENCE
Rivets  3/4*3/16,FENCE
Sestic glue,FENCE
Spring gate Big,FENCE
STARFIX FENCE MONITOR,FENCE
strain insulator,FENCE
Super UV strainer,FENCE
Support post 1M black,FENCE
support post 1M green,FENCE
Support post Galvanised,FENCE
Surge stop Hammer,FENCE
Tops 1(1/2) tops,FENCE
Tops 1(1/4) tops,FENCE
Tops 1x1,FENCE
Tops 2x2,FENCE
Undergate  cable Grey  100m,FENCE
undergate 200m,FENCE
Undergate cable 100mtrs  drumless,FENCE
Undergate cable 2.5mm 100m,FENCE
Undergate cable 305M  wooden drum,FENCE
Undergate cable 50M drum ,FENCE
Undergate cable 50M drumless,FENCE
undergate cable 50m gallagher,FENCE
VOLTMETER STAFIX DIGITAL,FENCE
Voltmeter-digital china,FENCE
Voltmeter-Gallagher Digital,FENCE
W- post Galvanised,FENCE
Warning  sign small,FENCE
Warning sign  hooked imported,FENCE
Warning sign  medium,FENCE
Warning signs Hooked 2,FENCE
W-insulator,FENCE
W-insulator wooden claw-BLACK,FENCE
Wire strainer,FENCE
W-post 1M 8lines black,FENCE
W-post 1M 8lines green,FENCE
w-post 1M 8lines grey,FENCE
 Alarm Bell 12v- 6'' DC,FIRE
Alarm Bell 12v- 8''  DC,FIRE
alarm bell 6''-240v  AC,FIRE
Alarm bell fire 24VDC 6'',FIRE
Alarm bell fire 24VDC 8'',FIRE
Asenware Fire Cable 1.5mm 100M  copper ,FIRE
Fire blanket 1m*1m box  ,FIRE
Fire blanket 1m*1m normal  ,FIRE
Fire cable 0.8mm 100m CCA,FIRE
Fire cable 0.8mm 305m,FIRE
Fire cable 0.8mm 500m CCA  ,FIRE
Fire cable 1.0MM 100m CCA,FIRE
Fire cable 1.5mm 100m BC  M-2,FIRE
Fire cable 1.5mm 100m CCA  ,FIRE
Fire cable 1.5mm 305m,FIRE
Fire cable 1.5mm 305m CCA  M-1,FIRE
Fire cable presmian 100m,FIRE
Fire panel 12 zones NO batt,FIRE
Fire panel 16 zones,FIRE
Fire panel 2  zones  ,FIRE
Fire panel 32 zones with batt  ,FIRE
Fire panel 4 zones,FIRE
Fire panel 4 zones - ztec,FIRE
Fire panel 8 zones,FIRE
Heat detector 24V (AW-CTD321)  ,FIRE
Heat detector Stand alone AW-D612,FIRE
Heat detector tester pole,FIRE
Heat detector Texecom,FIRE
Manual call point asenware ,FIRE
Manual call point fire,FIRE
Smoke detector Addressable,FIRE
Smoke detector tester pole,FIRE
smoke detector texacom ,FIRE
smoke detector wireless,FIRE
smoke detectors  24vdc  AW-CSD311,FIRE
smoke detectors stand alone (AW-SSD603)  ,FIRE
Smoke optica detector 12V (AW-CSD381-4W  ,FIRE
Smoke stand alone/Batt AW-D611,fire
smoke tester  ,FIRE
Strobe sounder big Fire PSL83,FIRE
Strobe sounder small Fire PSL82,FIRE
GARRET charger,GARRET
Garret handheld metal detector ,GARRET
GARRET Rechargable-Battery 9V,GARRET
Garret Super Scanner V  ORIGINAL  ,GARRET
Garret superwand metal detector,GARRET
Garret walkthrough detector   PD6500i  Biege,GARRET
Garret walkthrough detector   PD6500i Grey,GARRET
A HOUSE SLINDING GATE CIRCUIT,GATE
A-house slinding with steel racks + 2batt  ,GATE
A-house swing with lock + 2 batt  ,GATE
Button A-house ,GATE
centurion photobeam detectors wireless,GATE
centurion remote  button  2CHN,GATE
centurion remote button  4CHN,GATE
centurion remote button 4CHN-2,GATE
Centurion sliding Gate D20 SMART,GATE
centurion sliding gate D5,GATE
Centurion sliding Gate D5 SMART,GATE
Centurion Sliding Gate-D10,GATE
Centurion Sliding Gate-D10 Smart,GATE
Centurion slinding gate D10,GATE
Centurion swing  gate controller,GATE
centurion swing gate Arm,GATE
Centurion Swing Gate Arm SMART,GATE
Centurion Swing Gate SMART,GATE
GATE LOCK,GATE
Gate lock  ,GATE
Gate rail,GATE
Gate- rails Plastic,GATE
gate shox,GATE
Gate springs small,GATE
PSU Vantage,GATE
sliding gate guider,GATE
sliding gate tooth rack / rails ,GATE
sliding gate wheels,GATE
swing or slinding PCB  ,GATE
Wheelkit roller,GATE
centurion   NOVA HELIX Reveiver,gates
16 zone expander,GENERALS
AVS 30 AMP,GENERALS
AVS13 sollatek,GENERALS
BAOFENG BF-888S Radio call  ,GENERALS
Black Max aerial,GENERALS
buzzer small,GENERALS
CABLE TIES,GENERALS
cables clips,GENERALS
CASH OUT,GENERALS
Consumables,GENERALS
Cut out,GENERALS
DEBT WITHDRAWAL ,GENERALS
DEBT WITHDRAWAL alex,GENERALS
Discount,GENERALS
Drill Bosh  ,GENERALS
Drill Cristin,GENERALS
Enforcer psu pcb,GENERALS
Enforcer transformers,GENERALS
ETR ,GENERALS
FAULT FINDER,GENERALS
Flood gate controller,GENERALS
itemtest1,GENERALS
Kasuku / Fencing pliers,GENERALS
Labour,GENERALS
LX-M8JY,GENERALS
Misc,GENERALS
NEW PRODUCT,GENERALS
Niceflo button,GENERALS
Optex LX 402,GENERALS
Pliers,GENERALS
public address speaker blue whale,GENERALS
PURCHASES,GENERALS
Relay with board,GENERALS
sentrin button,GENERALS
swan,GENERALS
TAMPER SWITCH,GENERALS
TAPES,GENERALS
Teaser gun torch  big  ,GENERALS
Teaser gun torch  small  ,GENERALS
Transformer-Transformer 16.5vac 2.4a,GENERALS
Transmitter box,GENERALS
TV -bracket,GENERALS
Undersearch mirror,GENERALS
Undersearch mirror (ML-2),GENERALS
VAT  AMOUNT ,GENERALS
Verstile timer,GENERALS
Guard tour  GAP-6200D  ,GUARD
Guard tour  GAP-6500  ,GUARD
Guard Tour Point Green,GUARD
4Port POE DS-3E0105P,HIK
8Port POE DS-3E0109P,HIK
DS-2CD1021G0-1  2MP IP  Bullet Normal IR,HIK
DS-2CD1023G2-LIU  2MP IP Bullet Smart Hybrid,HIK
DS-2CD1043G0-1  4MP Bullet  Normal  IR,HIK
DS-2CD1043G2-LIU  4MP IP Bullet Smart Hybrid,HIK
DS-2CD1047G2-L  4MP IP Bullet Colourvu (1047G0),HIK
DS-2CD1123G2-LIU 2MP IP Dome Smart hybrid,HIK
DS-2CD1143G0-I  4MP IP Dome Normal IR,HIK
DS-2CD1143G2-LIU  4MP IP Dome Smart Hybrid,HIK
DS-2CD1321G0-1  2MP IP Dome Normal IR,HIK
DS-2CD1347G2-L  4MP IP Dome Colorvu,HIK
DS-2CE12DFOT Turbo HD Smart hybrid Bullet 40M,HIK
DS-2CE16DFOT Turbo Smart hybrid Bullet,HIK
DS-2CE16DOT    Bullet Turbo HD,HIK
DS-2CE72DFOT Turbo HD Smart hybrid Dome 40M,HIK
DS-2CE76DFOT Turbo Smart Hybrid Dome,HIK
DS-2CE76DOT  Dome Turbo HD,HIK
DS-7104HGHI   DVR,HIK
DS-7104NI-Q1 NVR,HIK
DS-7108HGHI  DVR,HIK
DS-7108NI-Q1 NVR,HIK
DS-7116HGHI  DVR,HIK
DS-7204HGHI-MI Metallic,HIK
DS-7208HGHI-MI Metallic,HIK
DS-7216HGHI-MI DVR Metallic,HIK
DS-7616NI-Q2  NVR,HIK
DS-KIS202T Video door phone plastic,HIK
DS-KIS203T Video door phone metallic,HIK
Hik biometric Reader DS-K1T904AMF/Africa,HIK
IP VIDEO door phone complete,HIK
IP VIDEO door phone monitor,HIK
Glass for keyguard switch  ,KEYSWITCH
Keyguard  switch  ,KEYSWITCH
keyswitch  ON/OFF,KEYSWITCH
keyswitch with spring  ,KEYSWITCH
keyswitch with spring  ON/OFF,KEYSWITCH
Override keyswitch with LED,KEYSWITCH
Override keyswitch with LED elock,KEYSWITCH
Override keyswitch without LED,KEYSWITCH
DOUBLE TELESCOPIC aluminium  ladder (1.9+1.9),LADDER
DOUBLE TELESCOPIC aluminium  ladder (2.2+2.2),LADDER
DOUBLE TELESCOPIC aluminium  ladder (2.5+2.5),LADDER
DOUBLE TELESCOPIC aluminium  ladder (2.8+2.8),LADDER
Ladder ALUMINIUM   big  (2pair)  ,LADDER
MULTI-PURPOSE ALUMINIUN LADDER  (4*3 steps)  ,LADDER
MULTI-PURPOSE ALUMINIUN LADDER  (4*4 steps)  ,LADDER
MULTI-PURPOSE ALUMINIUN LADDER (4*5 steps) ,LADDER
STEP LADDER (4 steps),LADDER
STEP LADDER (5 steps),LADDER
STEP LADDER (6 steps),LADDER
STEP LADDER (7 steps),LADDER
STEP LADDER (8 steps),LADDER
Step Ladder (9 step),LADDER
TELESCOPIC Aluminium ladder (1.9+1.9),LADDER
TELESCOPIC Aluminium ladder (3.8M),LADDER
TELESCOPIC Aluminium ladder (4.1M),LADDER
TELESCOPIC Aluminium ladder (4.4M),LADDER
TELESCOPIC Aluminium ladder (5.0M),LADDER
Magnet Angle metallic,MAGNET
Magnet heavy duty plastic EC550,MAGNET
Magnet light duty metallic  ,MAGNET
Magnet Light duty plastic EC37,MAGNET
Magnet Light duty plastic Masikio,MAGNET
Magnet Light duty plastic NO/NC/COM,MAGNET
Magnet Light duty plastic-NO2,MAGNET
Magnet metallic flat long,MAGNET
Magnet Roller Shatter,MAGNET
4 U CABINET,NETWORK
CAT 6 Cable,NETWORK
CAT 6 D-LINK cable,NETWORK
CAT 6 HIK Pure Copper,NETWORK
CAT 6 OUTDOOR,NETWORK
CAT 6 outdoor cable,NETWORK
CAT 6 OUTDOOR -SHK,NETWORK
CAT6  SIEMONS cable,NETWORK
CAT-6 in meters,NETWORK
CAT-6 SSL cable,NETWORK
EASENET CAT 6 CABLE,NETWORK
Face plate,NETWORK
FACE PLATE/MODULE,NETWORK
LC/LC,NETWORK
LC/SC,NETWORK
Module,NETWORK
Patch panel 24 port,NETWORK
Patch panel 48 port,NETWORK
RJ-45 BOOT CUPS,NETWORK
 Accenta alarm panel,PANEL
bbbff,PANEL
Crow (runner series),PANEL
Expander 8 Zone,PANEL
GSM  EXTENDER,PANEL
GSM UNIT  ,PANEL
IDS  keypad LED (806 series),PANEL
IDS 8 ZONE Expander (X-SERIES),PANEL
IDS 806 alarm panel (LED),PANEL
IDS 806 Keypad LED,PANEL
IDS Alarm panel X-64 (LCD),PANEL
IDS GSM/SMS module X-series,PANEL
IDS Interface/plug-in- module,PANEL
IDS keypad 8zone Led,PANEL
IDS keypad LCD (X-64 series),PANEL
IDS PSU power supply adaptor,PANEL
Lightsys Adapter,PANEL
Lightsys alarm panel,PANEL
Lightsys GSM,PANEL
lightsys keypad,PANEL
Ligtsys Expander,PANEL
Premier 816,PANEL
Premier 832,PANEL
premier expander- 8XE,PANEL
premier lcd keypad,PANEL
prosys  keypad,PANEL
prosys 128,PANEL
prosys 140,PANEL
prosys plus,PANEL
Roiscock pir,PANEL
Secolink  Expander,PANEL
Secolink 8 zone panel,PANEL
Secolink 8zone panel,PANEL
Secolink GSM,PANEL
secolink Keypad  ,PANEL
secolink panel,PANEL
universal GSM,PANEL
VERITAS R8  with external keypad,PANEL
VERITAS v8  inbuild keypad,PANEL
Audio door bell,PHONE
Audio mic,PHONE
mmmkk,PHONE
Monitor-Wireless with 2 monitors,PHONE
Video  door phone T-908C + 01C,PHONE
Video door  phone T709CW + T06CW 7'' wireless vdp,PHONE
Video phone 10'' black vpd with memory,PHONE
Video phone 4'' VDP,PHONE
Video phone 7'' black,PHONE
Video phone 7'' black with access conrol & mem,PHONE
Video phone 7'' black with recording/memory,PHONE
Video phone 7'' white,PHONE
Video phone 7'' white with recording/memory,PHONE
Video phone T901C + T03C 9'' vdp,PHONE
Video phone T-960C + 03X,PHONE
Video phone T-960CL +T01C 7'' black with recording/memory  ,PHONE
Video phone T-969CL + 10CG,PHONE
 PSU closed 30amps- 18chl ,PSU
Centurion Vantage PSU ,PSU
DMS-08P18V psu,PSU
ELMDENE,PSU
elmdene 1 amp,psu
PSU 1.5amps psu,PSU
PSU 1Amps  1381N 1A,PSU
PSU 2amps ,PSU
PSU 3amps ,PSU
PSU 3amps  Big for 17ah  ,PSU
PSU 4amps -4ch batt ,PSU
PSU 8amps- 8chl Batt ,PSU
PSU Access 3amps ,PSU
PSU Access 5amps ,PSU
PSU closed 10amps-9chl ,PSU
PSU closed 20amps -16chl ,PSU
PSU closed 5amps -4chl ,PSU
PSU Open  s/mode 10amps,PSU
PSU open s/mode  40amp,PSU
PSU Open s/mode 15amps,PSU
PSU Open s/mode 20amps,PSU
10 DEVICE LICENCE,Readers
2 DEVICE LICENCE,Readers
5 DEVICE LICENCE,Readers
Reader F21,Readers
Reader F21 / F20,Readers
Reader INBIO 460 ZK-techo no- 2,Readers
Reader LFACE 10,Readers
Reader MB 360,Readers
Reader MB10-VL,Readers
Reader MB20 VL,Readers
Reader MB20-VL,Readers
Reader TF1700 ZK-techo no-2,Readers
Reader ZK4500 USB ,Readers
Energizer Repair,Repairs
Energizer Repair EZ630,Repairs
Energizer Repair EZ640,Repairs
Repair,Repairs
Analyser Aritech  ,SENSOR
Analyser china,SENSOR
seisimc shock sensor Aritech,SENSOR
siesmic shock sensors  aritech,SENSOR
siesmic shock sensors  honeywell,SENSOR
siesmic shock sensors  risco,SENSOR
vibration sensors  Roiscok,SENSOR
vibration sensors Aritech,SENSOR
vibration sensors elock,SENSOR
vibration sensors impaq Texecom,SENSOR
vibration sensors normal,SENSOR
ZODIAC PIR,SENSOR
Postage,SERVICES
Receiver-MB4000,SHERLOTRONICS
Remote chains,SHERLOTRONICS
sherlo tronics receiver RX1-150,SHERLOTRONICS
sherlotronic Button  chains,SHERLOTRONICS
sherlotronic receiver RX1-500,SHERLOTRONICS
Sherlotronics button  -RX1/PTX1/TX1,SHERLOTRONICS
Sherlotronics button code hopping PTXI,SHERLOTRONICS
Sherlotronics button -RX2  ,SHERLOTRONICS
sherlotronics button -RX4/ TX4,SHERLOTRONICS
Sherlotronics button -RX6,SHERLOTRONICS
Sherlotronics button ST-400P,SHERLOTRONICS
Sherlotronics Receiver RX1-150,SHERLOTRONICS
sherlotronics receiver RX4-500  ,SHERLOTRONICS
sherlotronics receiver SS5002/SR4001,SHERLOTRONICS
Siren 15watts,SIREN
Siren 20watts,SIREN
Siren box big,SIREN
Siren box small,SIREN
Siren combine  (67-1)  ,SIREN
Siren horn 30watts,SIREN
Siren Kit complete,SIREN
siren/strobe combine ,SIREN
Siren/Strobe combine-  big RED,SIREN
"Siren/strobe combine Blue,Red,Amber",SIREN
siren/strobe combined medium,SIREN
Strobe light Big  ES80,STROBE
Strobe light LED  ES80,STROBE
strobe light Red,STROBE
strobe light small,STROBE
Crub Tree Switches,SWITCHES
Door exit switch metallic big NO/NC (screw)  ,SWITCHES
Door exit switch metallic slim  ,SWITCHES
Door exit switch metallic SMALL (NEW)  ,SWITCHES
power lite switch,SWITCHES
2Mp IP Bullet AK series,TIANDY
2Mp IP Dome AK series,TIANDY
4ch NVR,TIANDY
4MP IP Bullet AK series,TIANDY
4MP IP Dome AK series,TIANDY
8ch NVR,TIANDY
"TV 32""",TV
"TV 42""",TV
"TV 55""",TV
"TV 65""",TV
DAHUA IP DOOR PHONE,VIDEO PHONE
CARDS,OTHERS
DETECTORS,OTHERS
GARRETT,OTHERS
GENERAL,OTHERS
GUARD TOUR,OTHERS
SHERLOTRONICS,OTHERS
VIDEO PHONES,OTHERS
